{
  "depth_intrinsics": {
    "fx": 385.5497741699219,
    "fy": 385.5497741699219,
    "cx": 316.24591064453125,
    "cy": 244.71963500976562,
    "width": 640,
    "height": 480
  },
  "color_intrinsics": {
    "fx": 607.2957763671875,
    "fy": 607.9860229492188,
    "cx": 322.6501159667969,
    "cy": 245.00439453125,
    "width": 640,
    "height": 480
  },
  "extrinsics_depth_to_color": {
    "R": [
      [
        0.9998891949653625,
        -0.011723313480615616,
        0.009175946936011314
      ],
      [
        0.01167286653071642,
        0.9999165534973145,
        0.005532111506909132
      ],
      [
        -0.009240035898983479,
        -0.005424389149993658,
        0.9999426007270813
      ]
    ],
    "t": [
      0.01457706093788147,
      -4.631350748240948e-05,
      0.0006115756114013493
    ]
  },
  "depth_scale": 0.0010000000474974513
}